family_id,motif_id,field_family,primitive_family,event_state_family,horizon_bucket,turnover_bucket,candidate_count,family_share,median_train_reward,positive_train_reward_count,clean_count,validation_survivor_count,rewardhack_count,wrong_lag_or_corr_count,high_turnover_count,family_status,family_reasons
3a0aa671f151a6385d,d8a143641400f72a64,opening_state+range_location,cross_sectional+time_series+arithmetic+state_transform,opening_state,multi_or_unknown,medium_turnover,1,0.04166667,0.19753824,1,1,1,0,0,0,exploit_allowed,cm_positive_validation_survivor
1e9e7c338a7cdf0d26,16110fe9b93fc289f4,flow_amount_volume+opening_state+range_location,cross_sectional+time_series+arithmetic+state_transform,opening_state,multi_or_unknown,medium_turnover,1,0.04166667,0.19751635,1,1,1,0,0,0,exploit_allowed,cm_positive_validation_survivor
dd0cbfd4948290aab1,33b91cd228d05c4f76,flow_amount_volume+opening_state+range_location,cross_sectional+time_series+arithmetic+state_transform,opening_state,multi_or_unknown,medium_turnover,3,0.125,0.19885699,2,2,2,1,0,0,freeze,proxy_high_cm_negative
c3be9eb0a3620ec39b,651e90e40fe181795a,flow_amount_volume+opening_state+range_location,cross_sectional+time_series+arithmetic+state_transform,opening_state,multi_or_unknown,medium_turnover,2,0.08333333,0.01923698,1,1,1,1,0,0,freeze,proxy_high_cm_negative
f3d0ccad29ac7200a7,0a3fdd7a0e3b1ee514,flow_amount_volume+opening_state+range_location,cross_sectional+time_series+arithmetic+state_transform,opening_state,multi_or_unknown,medium_turnover,2,0.08333333,0.01914122,1,1,1,1,0,0,freeze,proxy_high_cm_negative
9e96ab1433d465d733,b244beaf15854a7b91,flow_amount_volume+opening_state+range_location,cross_sectional+time_series+arithmetic+state_transform,opening_state,multi_or_unknown,medium_turnover,2,0.08333333,0.01878553,1,1,1,1,0,0,freeze,proxy_high_cm_negative
0eefd6eb7e19cb2f4e,204630a6fe8a74ffb4,range_location,cross_sectional+time_series+arithmetic+state_transform,none,multi_or_unknown,medium_turnover,1,0.04166667,-0.16,0,0,0,1,0,0,freeze,proxy_high_cm_negative
152605e05e909b77c2,9cfef81cfbb0fae593,flow_amount_volume+opening_state+range_location,cross_sectional+time_series+arithmetic+state_transform,opening_state,multi_or_unknown,medium_turnover,1,0.04166667,-0.16,0,0,0,1,0,0,freeze,proxy_high_cm_negative
4926a97a8ff2d2c4d5,213c37a95c7c7e138f,flow_amount_volume+opening_state+range_location,cross_sectional+time_series+arithmetic+state_transform,opening_state,multi_or_unknown,medium_turnover,1,0.04166667,-0.16,0,0,0,1,0,0,freeze,proxy_high_cm_negative
505c9d9dcd48c5334b,b586812cefdc7286f2,flow_amount_volume+opening_state+range_location,cross_sectional+time_series+arithmetic+state_transform,opening_state,multi_or_unknown,medium_turnover,3,0.125,-0.16,0,0,0,3,0,0,freeze,proxy_high_cm_negative
6ace37bd35f0fab316,1d5c220e77d0c0ecd6,flow_amount_volume+opening_state+range_location,cross_sectional+time_series+arithmetic+state_transform,opening_state,multi_or_unknown,medium_turnover,2,0.08333333,-0.16,0,0,0,2,0,0,freeze,proxy_high_cm_negative
6dfdc2653ce052bd27,0881b8b05eb644e6d5,flow_amount_volume+opening_state+range_location,cross_sectional+time_series+arithmetic+state_transform,opening_state,multi_or_unknown,medium_turnover,4,0.16666667,-0.16,1,1,1,3,0,0,freeze,proxy_high_cm_negative
82d605af753316a0b5,87fee8d17c1e7d99c6,flow_amount_volume+opening_state+range_location,cross_sectional+time_series+arithmetic+state_transform,opening_state,multi_or_unknown,medium_turnover,1,0.04166667,-0.16,0,0,0,1,0,0,freeze,proxy_high_cm_negative
